{
 "epoch": 1,
 "loss": 2.0132805429376686,
 "mIoU": 0,
 "acc": 0.8312187812187812,
 "precision": 0.10995193359964828,
 "recall": 0.12681488789957152,
 "f1score": 0.10289987637540991,
 "conf_m": [
  [
   0.26482059282371295,
   0.0,
   0.0,
   0.0,
   0.0,
   0.4614751256716935,
   0.2737042815045935,
   0.0
  ],
  [
   0.26780313445147097,
   0.0,
   0.0,
   0.0,
   0.0,
   0.45477041517734396,
   0.277426450371185,
   0.0
  ],
  [
   0.26011560693641617,
   0.0,
   0.0,
   0.0,
   0.0,
   0.4508670520231214,
   0.28901734104046245,
   0.0
  ],
  [
   0.2694063926940639,
   0.0,
   0.0,
   0.0,
   0.0,
   0.4406392694063927,
   0.2899543378995434,
   0.0
  ],
  [
   0.26404731727925645,
   0.0,
   0.0,
   0.0,
   0.0,
   0.45669623996620196,
   0.2792564427545416,
   0.0
  ],
  [
   0.26237184717442974,
   0.0,
   0.0,
   0.0,
   0.0,
   0.46174039518961296,
   0.2758877576359573,
   0.0
  ],
  [
   0.262528047868362,
   0.0,
   0.0,
   0.0,
   0.0,
   0.4495138369483919,
   0.2879581151832461,
   0.0
  ],
  [
   0.2518518518518518,
   0.0,
   0.0,
   0.0,
   0.0,
   0.48148148148148145,
   0.26666666666666666,
   0.0
  ]
 ],
 "mIoU_perclass": [],
 "acc_perclass": [],
 "precision_perclass": [],
 "recall_perclass": [],
 "f1score_perclass": []
}